{
  "field_mae": {
    "mean1": 0.1687576510757208,
    "mean2": 0.04400797991082072,
    "std1": 0.05886847380265774,
    "std2": 0.019528373568761095,
    "t_statistic": 20.113447894325606,
    "p_value": 9.749778116343932e-50,
    "u_p_value": 7.30670741953597e-34,
    "effect_size": 2.8444710798239843
  },
  "intensity_ratio": {
    "mean1": 2.3416962122917173,
    "mean2": 0.9967352658510208,
    "std1": 0.4076538830261851,
    "std2": 0.019433981036378573,
    "t_statistic": 32.95529031498699,
    "p_value": 2.565863573303562e-82,
    "u_p_value": 2.7340879006134264e-35,
    "effect_size": 4.660581851539732
  }
}